RoundRobin: Average Throughput Vs Load_x,5,10,15
RoundRobin: Average Throughput Vs Load_y,0.027253979059624418,0.027271775556342033,0.027298837532685416
RoundRobin: Average Throughput Vs Load_x,5,10,15
RoundRobin: Average Throughput Vs Load_y,0.022745534375372068,0.022713693726879317,0.022745648605314125
RoundRobin: Average Throughput Vs Load_x,5,10,15
RoundRobin: Average Throughput Vs Load_y,0.019495998020238058,0.019465722561542914,0.019482576078830628
RoundRobin: Average Throughput Vs Load_x,5,10,15
RoundRobin: Average Throughput Vs Load_y,0.017128132107069278,0.017036090152933697,0.017129735035725575
RoundRobin: Average Throughput Vs Load_x,5,10,15
RoundRobin: Average Throughput Vs Load_y,0.015154721785361282,0.015161951104314687,0.015171593377375357
